metric,unit,topology,dimension,nodes,value,p95,n,decision,topo_verified
finalization_latency_ms,ms,chain,D1,2,28.4093505,28.930052,10,allow,True
finalization_latency_ms,ms,chain,D1,4,57.0256865,59.051141,10,allow,True
finalization_latency_ms,ms,chain,D1,8,113.13242,115.6049009,10,allow,True
finalization_latency_ms,ms,chain,D5,8,112.41758,118.2912973,10,allow,True
finalization_latency_ms,ms,chain,D1,16,226.478323,229.6500484,10,allow,True
finalization_latency_ms,ms,chain,D1,32,457.74886,482.7955869,10,allow,True
finalization_latency_ms,ms,concurrent,D4,2,29.0906085,29.660765100000003,10,allow,True
finalization_latency_ms,ms,concurrent,D4,5,59.5496975,62.7586786,10,allow,True
finalization_latency_ms,ms,concurrent,D4,9,100.972351,105.2158566,10,allow,True
finalization_latency_ms,ms,concurrent,D4,17,180.449621,196.6988394,10,allow,True
finalization_latency_ms,ms,concurrent,D4,33,351.7223445,369.3634088,10,allow,True
finalization_latency_ms,ms,diamond,D6,4,54.5353125,58.2401117,10,allow,True
finalization_latency_ms,ms,diamond,D6,6,82.354115,85.08802890000001,10,allow,True
finalization_latency_ms,ms,diamond,D6,10,138.743099,141.3304099,10,allow,True
finalization_latency_ms,ms,diamond,D6,18,253.384113,286.0140024,10,allow,True
finalization_latency_ms,ms,fan-in,D2,3,40.260689,40.7244046,10,allow,True
finalization_latency_ms,ms,fan-in,D2,5,68.5957335,70.754464,10,allow,True
finalization_latency_ms,ms,fan-in,D2,9,127.092146,144.22008,10,allow,True
finalization_latency_ms,ms,fan-in,D2,17,238.7821865,255.0924384,10,allow,True
finalization_latency_ms,ms,fan-in,D2,33,474.340681,481.25540689999997,10,allow,True
finalization_latency_ms,ms,fan-out,D2,3,37.8317295,40.1393938,10,allow,True
finalization_latency_ms,ms,fan-out,D2,5,61.588176,64.059865,10,allow,True
finalization_latency_ms,ms,fan-out,D2,9,109.755623,112.179271,10,allow,True
finalization_latency_ms,ms,fan-out,D2,17,208.1267165,211.03258440000002,10,allow,True
finalization_latency_ms,ms,fan-out,D2,33,396.7956545,405.7377884,10,allow,True
finalization_latency_ms,ms,scc,D7,2,34.2904005,34.5452907,10,publish,True
finalization_latency_ms,ms,scc,D7,4,51.9907825,75.41773140000001,10,publish,True
finalization_latency_ms,ms,scc,D7,8,87.3263125,95.8299822,10,publish,True
finalization_latency_ms,ms,scc,D7,16,169.581278,199.95940230000002,10,publish,True
finalization_latency_ms,ms,scc,D7,32,337.753223,373.68014980000004,10,publish,True
finalization_wait_ms,ms,chain,D1,2,14.273714,14.9902164,,allow,True
finalization_wait_ms,ms,chain,D1,4,14.09845,14.7282394,,allow,True
finalization_wait_ms,ms,chain,D1,8,14.0063005,14.731488,,allow,True
finalization_wait_ms,ms,chain,D5,8,13.972608,14.8338528,,allow,True
finalization_wait_ms,ms,chain,D5,8,14.265098,14.882588,,middle-deny,True
finalization_wait_ms,ms,chain,D1,16,14.080833,14.8152317,,allow,True
finalization_wait_ms,ms,chain,D1,32,14.0698105,14.8717369,,allow,True
finalization_wait_ms,ms,concurrent,D4,2,14.399736,14.712089599999999,,allow,True
finalization_wait_ms,ms,concurrent,D4,5,30.662506,44.394764200000004,,allow,True
finalization_wait_ms,ms,concurrent,D4,9,51.733939,84.40705129999999,,allow,True
finalization_wait_ms,ms,concurrent,D4,17,98.085835,162.48923059999998,,allow,True
finalization_wait_ms,ms,concurrent,D4,33,194.4409,325.5319277,,allow,True
finalization_wait_ms,ms,diamond,D6,4,14.0660455,15.1220713,,allow,True
finalization_wait_ms,ms,diamond,D6,6,13.9826875,14.685666,,allow,True
finalization_wait_ms,ms,diamond,D6,10,13.9897015,14.6207037,,allow,True
finalization_wait_ms,ms,diamond,D6,18,14.0129205,14.9934371,,allow,True
finalization_wait_ms,ms,fan-in,D2,3,13.9247035,14.552604,,allow,True
finalization_wait_ms,ms,fan-in,D2,5,13.9885985,15.225265199999999,,allow,True
finalization_wait_ms,ms,fan-in,D2,9,14.248929,15.4428179,,allow,True
finalization_wait_ms,ms,fan-in,D2,17,14.005096,14.9304431,,allow,True
finalization_wait_ms,ms,fan-in,D2,33,14.161106,15.0330946,,allow,True
finalization_wait_ms,ms,fan-out,D2,3,11.880058,14.9648267,,allow,True
finalization_wait_ms,ms,fan-out,D2,5,11.791684,14.4118923,,allow,True
finalization_wait_ms,ms,fan-out,D2,9,11.7947875,14.6209332,,allow,True
finalization_wait_ms,ms,fan-out,D2,17,11.882926,14.7274155,,allow,True
finalization_wait_ms,ms,fan-out,D2,33,11.851643,12.7908635,,allow,True
finalization_wait_ms,ms,scc,D7,2,28.1088515,34.1219939,,publish,True
finalization_wait_ms,ms,scc,D7,4,45.628577,65.43268429999999,,publish,True
finalization_wait_ms,ms,scc,D7,8,67.5400955,86.1681991,,publish,True
finalization_wait_ms,ms,scc,D7,16,133.737053,171.8946111,,publish,True
finalization_wait_ms,ms,scc,D7,32,265.3993045,289.4586337,,publish,True
graph_drain_ms,ms,scc,D7,2,120001.9703255,,,publish,True
graph_drain_ms,ms,scc,D7,4,120002.3651125,,,publish,True
graph_drain_ms,ms,scc,D7,8,0.305488,,,publish,True
graph_drain_ms,ms,scc,D7,16,0.328563,,,publish,True
graph_drain_ms,ms,scc,D7,32,0.2866955,,,publish,True
graph_edges,edges,chain,D1,2,1,,,allow,True
graph_edges,edges,chain,D1,2,1,,,root-deny,True
graph_edges,edges,chain,D1,4,3,,,allow,True
graph_edges,edges,chain,D1,4,3,,,root-deny,True
graph_edges,edges,chain,D1,8,7,,,allow,True
graph_edges,edges,chain,D1,8,7,,,root-deny,True
graph_edges,edges,chain,D5,8,7,,,allow,True
graph_edges,edges,chain,D5,8,7,,,root-deny,True
graph_edges,edges,chain,D5,8,7,,,middle-deny,True
graph_edges,edges,chain,D1,16,15,,,allow,True
graph_edges,edges,chain,D1,16,15,,,root-deny,True
graph_edges,edges,chain,D1,32,31,,,allow,True
graph_edges,edges,chain,D1,32,31,,,root-deny,True
graph_edges,edges,concurrent,D4,2,1,,,allow,True
graph_edges,edges,concurrent,D4,5,4,,,allow,True
graph_edges,edges,concurrent,D4,9,8,,,allow,True
graph_edges,edges,concurrent,D4,17,16,,,allow,True
graph_edges,edges,concurrent,D4,33,32,,,allow,True
graph_edges,edges,diamond,D6,4,4,,,allow,True
graph_edges,edges,diamond,D6,4,4,,,root-deny,True
graph_edges,edges,diamond,D6,6,8,,,allow,True
graph_edges,edges,diamond,D6,6,8,,,root-deny,True
graph_edges,edges,diamond,D6,10,16,,,allow,True
graph_edges,edges,diamond,D6,10,16,,,root-deny,True
graph_edges,edges,diamond,D6,18,32,,,allow,True
graph_edges,edges,diamond,D6,18,32,,,root-deny,True
graph_edges,edges,fan-in,D2,3,2,,,allow,True
graph_edges,edges,fan-in,D2,5,4,,,allow,True
graph_edges,edges,fan-in,D2,9,8,,,allow,True
graph_edges,edges,fan-in,D2,17,16,,,allow,True
graph_edges,edges,fan-in,D2,33,32,,,allow,True
graph_edges,edges,fan-out,D2,3,2,,,allow,True
graph_edges,edges,fan-out,D2,5,4,,,allow,True
graph_edges,edges,fan-out,D2,9,8,,,allow,True
graph_edges,edges,fan-out,D2,17,16,,,allow,True
graph_edges,edges,fan-out,D2,33,32,,,allow,True
graph_edges,edges,scc,D3,2,2,,,rollback-cascade,True
graph_edges,edges,scc,D7,2,2,,,publish,True
graph_edges,edges,scc,D3,4,4,,,rollback-cascade,True
graph_edges,edges,scc,D7,4,4,,,publish,True
graph_edges,edges,scc,D3,8,8,,,rollback-cascade,True
graph_edges,edges,scc,D7,8,8,,,publish,True
graph_edges,edges,scc,D3,16,16,,,rollback-cascade,True
graph_edges,edges,scc,D7,16,16,,,publish,True
graph_edges,edges,scc,D3,32,32,,,rollback-cascade,True
graph_edges,edges,scc,D7,32,32,,,publish,True
metadata_bytes_per_node,bytes,chain,D1,2,17031376.0,,,allow,True
metadata_bytes_per_node,bytes,chain,D1,2,30095244.0,,,root-deny,True
metadata_bytes_per_node,bytes,chain,D1,4,9436494.0,,,allow,True
metadata_bytes_per_node,bytes,chain,D1,4,9017712.0,,,root-deny,True
metadata_bytes_per_node,bytes,chain,D1,8,5630303.0,,,allow,True
metadata_bytes_per_node,bytes,chain,D1,8,4984936.0,,,root-deny,True
metadata_bytes_per_node,bytes,chain,D5,8,5405387.0,,,allow,True
metadata_bytes_per_node,bytes,chain,D5,8,5915885.0,,,root-deny,True
metadata_bytes_per_node,bytes,chain,D5,8,6610454.0,,,middle-deny,True
metadata_bytes_per_node,bytes,chain,D1,16,2594758.5,,,allow,True
metadata_bytes_per_node,bytes,chain,D1,16,2398021.0,,,root-deny,True
metadata_bytes_per_node,bytes,chain,D1,32,1763156.25,,,allow,True
metadata_bytes_per_node,bytes,chain,D1,32,1376753.5,,,root-deny,True
metadata_bytes_per_node,bytes,concurrent,D4,2,51834952.0,,,allow,True
metadata_bytes_per_node,bytes,concurrent,D4,5,10024978.0,,,allow,True
metadata_bytes_per_node,bytes,concurrent,D4,9,6065541.0,,,allow,True
metadata_bytes_per_node,bytes,concurrent,D4,17,4124927.5,,,allow,True
metadata_bytes_per_node,bytes,concurrent,D4,33,2198138.0,,,allow,True
metadata_bytes_per_node,bytes,diamond,D6,4,21070276.0,,,allow,True
metadata_bytes_per_node,bytes,diamond,D6,4,29925760.0,,,root-deny,True
metadata_bytes_per_node,bytes,diamond,D6,6,11911128.0,,,allow,True
metadata_bytes_per_node,bytes,diamond,D6,6,10810432.0,,,root-deny,True
metadata_bytes_per_node,bytes,diamond,D6,10,7198878.0,,,allow,True
metadata_bytes_per_node,bytes,diamond,D6,10,6045951.0,,,root-deny,True
metadata_bytes_per_node,bytes,diamond,D6,18,3557058.0,,,allow,True
metadata_bytes_per_node,bytes,diamond,D6,18,2960723.0,,,root-deny,True
metadata_bytes_per_node,bytes,fan-in,D2,3,29704700.0,,,allow,True
metadata_bytes_per_node,bytes,fan-in,D2,5,10157056.0,,,allow,True
metadata_bytes_per_node,bytes,fan-in,D2,9,6104638.0,,,allow,True
metadata_bytes_per_node,bytes,fan-in,D2,17,2869069.5,,,allow,True
metadata_bytes_per_node,bytes,fan-in,D2,33,1977381.25,,,allow,True
metadata_bytes_per_node,bytes,fan-out,D2,3,23304648.0,,,allow,True
metadata_bytes_per_node,bytes,fan-out,D2,5,9414504.0,,,allow,True
metadata_bytes_per_node,bytes,fan-out,D2,9,5553843.0,,,allow,True
metadata_bytes_per_node,bytes,fan-out,D2,17,2585344.5,,,allow,True
metadata_bytes_per_node,bytes,fan-out,D2,33,1699609.5,,,allow,True
metadata_bytes_per_node,bytes,scc,D3,2,19329208.0,,,rollback-cascade,True
metadata_bytes_per_node,bytes,scc,D7,2,32175008.0,,,publish,True
metadata_bytes_per_node,bytes,scc,D3,4,10143300.0,,,rollback-cascade,True
metadata_bytes_per_node,bytes,scc,D7,4,16232692.0,,,publish,True
metadata_bytes_per_node,bytes,scc,D3,8,5544988.0,,,rollback-cascade,True
metadata_bytes_per_node,bytes,scc,D7,8,9842561.0,,,publish,True
metadata_bytes_per_node,bytes,scc,D3,16,2658482.0,,,rollback-cascade,True
metadata_bytes_per_node,bytes,scc,D7,16,3868329.0,,,publish,True
metadata_bytes_per_node,bytes,scc,D3,32,1545408.75,,,rollback-cascade,True
metadata_bytes_per_node,bytes,scc,D7,32,2588523.25,,,publish,True
metadata_heap_mb,MB,chain,D1,2,32.484771728515625,,,allow,True
metadata_heap_mb,MB,chain,D1,2,57.402122497558594,,,root-deny,True
metadata_heap_mb,MB,chain,D1,4,35.99736785888672,,,allow,True
metadata_heap_mb,MB,chain,D1,4,34.39984130859375,,,root-deny,True
metadata_heap_mb,MB,chain,D1,8,42.95580291748047,,,allow,True
metadata_heap_mb,MB,chain,D1,8,38.03204345703125,,,root-deny,True
metadata_heap_mb,MB,chain,D5,8,41.239830017089844,,,allow,True
metadata_heap_mb,MB,chain,D5,8,45.134620666503906,,,root-deny,True
metadata_heap_mb,MB,chain,D5,8,50.43376159667969,,,middle-deny,True
metadata_heap_mb,MB,chain,D1,16,39.592872619628906,,,allow,True
metadata_heap_mb,MB,chain,D1,16,36.59089660644531,,,root-deny,True
metadata_heap_mb,MB,chain,D1,32,53.80725860595703,,,allow,True
metadata_heap_mb,MB,chain,D1,32,42.01518249511719,,,root-deny,True
metadata_heap_mb,MB,concurrent,D4,2,49.43366241455078,,,allow,True
metadata_heap_mb,MB,concurrent,D4,5,38.24225616455078,,,allow,True
metadata_heap_mb,MB,concurrent,D4,9,46.276405334472656,,,allow,True
metadata_heap_mb,MB,concurrent,D4,17,62.94139862060547,,,allow,True
metadata_heap_mb,MB,concurrent,D4,33,67.08184814453125,,,allow,True
metadata_heap_mb,MB,diamond,D6,4,40.18836212158203,,,allow,True
metadata_heap_mb,MB,diamond,D6,4,57.078857421875,,,root-deny,True
metadata_heap_mb,MB,diamond,D6,6,45.437347412109375,,,allow,True
metadata_heap_mb,MB,diamond,D6,6,41.238525390625,,,root-deny,True
metadata_heap_mb,MB,diamond,D6,10,54.92308044433594,,,allow,True
metadata_heap_mb,MB,diamond,D6,10,46.12694549560547,,,root-deny,True
metadata_heap_mb,MB,diamond,D6,18,54.276397705078125,,,allow,True
metadata_heap_mb,MB,diamond,D6,18,45.17704772949219,,,root-deny,True
metadata_heap_mb,MB,fan-in,D2,3,56.65721893310547,,,allow,True
metadata_heap_mb,MB,fan-in,D2,5,38.74609375,,,allow,True
metadata_heap_mb,MB,fan-in,D2,9,46.57469177246094,,,allow,True
metadata_heap_mb,MB,fan-in,D2,17,43.778526306152344,,,allow,True
metadata_heap_mb,MB,fan-in,D2,33,60.344886779785156,,,allow,True
metadata_heap_mb,MB,fan-out,D2,3,44.45008850097656,,,allow,True
metadata_heap_mb,MB,fan-out,D2,5,35.913482666015625,,,allow,True
metadata_heap_mb,MB,fan-out,D2,9,42.372459411621094,,,allow,True
metadata_heap_mb,MB,fan-out,D2,17,39.44922637939453,,,allow,True
metadata_heap_mb,MB,fan-out,D2,33,51.86796569824219,,,allow,True
metadata_heap_mb,MB,scc,D3,2,36.86753845214844,,,rollback-cascade,True
metadata_heap_mb,MB,scc,D7,2,61.36895751953125,,,publish,True
metadata_heap_mb,MB,scc,D3,4,38.69361877441406,,,rollback-cascade,True
metadata_heap_mb,MB,scc,D7,4,61.92280578613281,,,publish,True
metadata_heap_mb,MB,scc,D3,8,42.304901123046875,,,rollback-cascade,True
metadata_heap_mb,MB,scc,D7,8,75.09278106689453,,,publish,True
metadata_heap_mb,MB,scc,D3,16,40.565216064453125,,,rollback-cascade,True
metadata_heap_mb,MB,scc,D7,16,59.02601623535156,,,publish,True
metadata_heap_mb,MB,scc,D3,32,47.162132263183594,,,rollback-cascade,True
metadata_heap_mb,MB,scc,D7,32,78.9954605102539,,,publish,True
rollback_latency_ms,ms,chain,D1,2,0.0,0.0,10,root-deny,True
rollback_latency_ms,ms,chain,D1,4,0.0,0.0,10,root-deny,True
rollback_latency_ms,ms,chain,D1,8,0.0,0.0,10,root-deny,True
rollback_latency_ms,ms,chain,D5,8,0.0,0.0,10,root-deny,True
rollback_latency_ms,ms,chain,D5,8,0.0,0.0,10,middle-deny,True
rollback_latency_ms,ms,chain,D1,16,0.0,0.0,10,root-deny,True
rollback_latency_ms,ms,chain,D1,32,0.0,0.0,10,root-deny,True
rollback_latency_ms,ms,diamond,D6,4,0.0,0.0,10,root-deny,True
rollback_latency_ms,ms,diamond,D6,6,0.0,0.0,10,root-deny,True
rollback_latency_ms,ms,diamond,D6,10,0.0,0.0,10,root-deny,True
rollback_latency_ms,ms,diamond,D6,18,0.0,0.0,10,root-deny,True
rollback_latency_ms,ms,scc,D3,2,0.0,0.0,10,rollback-cascade,True
rollback_latency_ms,ms,scc,D3,4,0.0,0.0,10,rollback-cascade,True
rollback_latency_ms,ms,scc,D3,8,0.0,0.0,10,rollback-cascade,True
rollback_latency_ms,ms,scc,D3,16,0.0,0.0,10,rollback-cascade,True
rollback_latency_ms,ms,scc,D3,32,0.0,0.0,10,rollback-cascade,True
